{"cameraMode":{"drawMode":0,"name":"Shaded","section":"Shading Mode"},"sceneLighting":true,"audioPlay":false,"sceneViewState":{"m_AlwaysRefresh":false,"showFog":true,"showSkybox":false,"showFlares":true,"showImageEffects":true,"showParticleSystems":true,"showVisualEffectGraphs":true,"m_FxEnabled":true},"in2DMode":false,"pivot":{"x":-2.8139257431030275,"y":-46.43035888671875,"z":-61.75422668457031},"rotation":{"x":-0.006594493985176086,"y":0.9480912089347839,"z":-0.31870341300964358,"w":-0.015229741111397744},"size":46.049068450927737,"orthographic":false}